id,id_incident,date_intervention,description
20,3,2025-09-01,INTERVENTION PRÉVENTIVE SUR LE MOTEUR. INTERVENTION PRÉVENTIVE SUR LE MOTEUR. INTERVENTION PRÉVENTIVE SUR LE MOTEUR. INTERVENTION PRÉVENTIVE SUR LE MOTEUR. INTERVENTION PRÉVENTIVE SUR LE MOTEUR. INTERVENTION PRÉVENTIVE SUR LE MOTEUR. INTERVENTION PRÉVENTIVE SUR LE MOTEUR. INTERVENTION PRÉVENTIVE SUR LE MOTEUR. INTERVENTION PRÉVENTIVE SUR LE MOTEUR. INTERVENTION PRÉVENTIVE SUR LE MOTEUR. INTERVENTION PRÉVENTIVE SUR LE MOTEUR. INTERVENTION PRÉVENTIVE SUR LE MOTEUR. INTERVENTION PRÉVENTIVE SUR LE MOTEUR. INTERVENTION PRÉVENTIVE SUR LE MOTEUR. INTERVENTION PRÉVENTIVE SUR LE MOTEUR. INTERVENTION PRÉVENTIVE SUR LE MOTEUR. INTERVENTION PRÉVENTIVE SUR LE MOTEUR. INTERVENTION PRÉVENTIVE SUR LE MOTEUR. INTERVENTION PRÉVENTIVE SUR LE MOTEUR. INTERVENTION PRÉVENTIVE SUR LE MOTEUR. INTERVENTION PRÉVENTIVE SUR LE MOTEUR. INTERVENTION PRÉVENTIVE SUR LE MOTEUR. INTERVENTION PRÉVENTIVE SUR LE MOTEUR. INTERVENTION PRÉVENTIVE SUR LE MOTEUR. INTERVENTION PRÉVENTIVE SUR LE MOTEUR. INTERVENTION PRÉVENTIVE SUR LE MOTEUR. INTERVENTION PRÉVENTIVE SUR LE MOTEUR. INTERVENTION PRÉVENTIVE SUR LE MOTEUR. INTERVENTION PRÉVENTIVE SUR LE MOTEUR. INTERVENTION PRÉVENTIVE SUR LE MOTEUR. INTERVENTION PRÉVENTIVE SUR LE MOTEUR. INTERVENTION PRÉVENTIVE SUR LE MOTEUR. INTERVENTION PRÉVENTIVE SUR LE MOTEUR. 
21,5,2025-09-12,Inspection générale après signalement
22,7,2025-09-09,Contrôle des niveaux d’huile.
23,8,2025-09-02,Réglage du système électrique. Zd
24,9,2025-09-08,Changement de pneus usés.
25,10,2025-09-10,Vérification du système de climatisation
32,3,2025-09-17,DD
33,9,2025-09-28,NOOON
34,3,2025-09-04,F
35,3,2025-09-21,EUH
36,3,2025-09-19,TESTDDD
37,3,2025-09-13,D
38,9,2025-09-27,CECI EST UN TEST QUI FONCTIONNE 
39,10,2025-09-28,test suivie
40,3,2025-09-18,Le text n'est pas assez long
41,8,2025-09-03,MÊME JOUR
42,10,2027-09-28,2027
43,5,2025-09-20,ff
44,3,2025-09-18,C
45,3,2025-09-22,C
46,11,2025-09-18,
47,11,2025-09-16,test
48,11,2025-09-23,23 test
49,12,2025-09-24,testttteofkzopiejgoiejz
50,10,2025-10-11,
51,5,2025-09-18,TEST
52,11,2025-10-31,yyy
53,11,2025-11-06,pp
54,11,2025-11-07,modaltestreload
55,11,2025-11-07,modaltestreload
56,11,2025-11-07,modaltestreload
57,11,2025-11-07,modaltestreload
58,11,2025-10-18,reload
59,11,2025-10-18,reload
60,11,2025-10-18,reload
61,11,2025-10-18,reload
62,11,2025-10-18,reload
63,11,2025-10-24,de
64,11,2025-10-24,d
65,11,2025-10-25,d
66,11,2025-10-25,d
67,11,2025-10-25,d
68,11,2025-11-01,d
69,11,2025-10-17,
70,11,2025-10-17,
71,11,2025-10-17,
72,11,2025-10-17,
73,11,2025-10-17,d
74,11,2025-10-17,d
75,11,2025-10-17,d
76,11,2025-10-31,
